,cellname,layer_label
Cell_00008,Cell_00008,L6
Cell_00009,Cell_00009,L4
Cell_00012,Cell_00012,L2/3
Cell_00014,Cell_00014,L6
Cell_00015,Cell_00015,L4
Cell_00016,Cell_00016,L6
Cell_00019,Cell_00019,L1
Cell_00020,Cell_00020,L6
Cell_00021,Cell_00021,L6
Cell_00022,Cell_00022,CC
Cell_00023,Cell_00023,L2/3
Cell_00024,Cell_00024,L1
Cell_00025,Cell_00025,L2/3
Cell_00026,Cell_00026,L2/3
Cell_00027,Cell_00027,L1
Cell_00028,Cell_00028,L6
Cell_00029,Cell_00029,HPC
Cell_00030,Cell_00030,CC
Cell_00032,Cell_00032,CC
Cell_00033,Cell_00033,L6
Cell_00034,Cell_00034,L4
Cell_00035,Cell_00035,L4
Cell_00036,Cell_00036,L6
Cell_00037,Cell_00037,L2/3
Cell_00039,Cell_00039,L2/3
Cell_00040,Cell_00040,L2/3
Cell_00041,Cell_00041,L2/3
Cell_00042,Cell_00042,L6
Cell_00043,Cell_00043,L1
Cell_00044,Cell_00044,L1
Cell_00046,Cell_00046,L4
Cell_00047,Cell_00047,CC
Cell_00048,Cell_00048,L5
Cell_00049,Cell_00049,L5
Cell_00050,Cell_00050,L5
Cell_00051,Cell_00051,L6
Cell_00052,Cell_00052,L5
Cell_00053,Cell_00053,HPC
Cell_00054,Cell_00054,CC
Cell_00055,Cell_00055,CC
Cell_00056,Cell_00056,L2/3
Cell_00059,Cell_00059,L4
Cell_00060,Cell_00060,L2/3
Cell_00061,Cell_00061,L2/3
Cell_00062,Cell_00062,HPC
Cell_00063,Cell_00063,L2/3
Cell_00064,Cell_00064,L5
Cell_00066,Cell_00066,L1
Cell_00067,Cell_00067,CC
Cell_00068,Cell_00068,CC
Cell_00069,Cell_00069,L5
Cell_00070,Cell_00070,L4
Cell_00071,Cell_00071,CC
Cell_00073,Cell_00073,L6
Cell_00075,Cell_00075,HPC
Cell_00076,Cell_00076,L2/3
Cell_00077,Cell_00077,L2/3
Cell_00078,Cell_00078,L6
Cell_00079,Cell_00079,L5
Cell_00080,Cell_00080,L1
Cell_00081,Cell_00081,HPC
Cell_00084,Cell_00084,L4
Cell_00085,Cell_00085,CC
Cell_00086,Cell_00086,HPC
Cell_00087,Cell_00087,L2/3
Cell_00088,Cell_00088,CC
Cell_00089,Cell_00089,L1
Cell_00091,Cell_00091,L6
Cell_00092,Cell_00092,L4
Cell_00093,Cell_00093,L4
Cell_00094,Cell_00094,L6
Cell_00095,Cell_00095,L2/3
Cell_00096,Cell_00096,L6
Cell_00098,Cell_00098,L6
Cell_00099,Cell_00099,L4
Cell_00100,Cell_00100,L6
Cell_00101,Cell_00101,HPC
Cell_00102,Cell_00102,L2/3
Cell_00103,Cell_00103,HPC
Cell_00104,Cell_00104,L2/3
Cell_00105,Cell_00105,L4
Cell_00106,Cell_00106,L2/3
Cell_00107,Cell_00107,CC
Cell_00109,Cell_00109,L5
Cell_00110,Cell_00110,HPC
Cell_00112,Cell_00112,L6
Cell_00113,Cell_00113,L4
Cell_00114,Cell_00114,L1
Cell_00115,Cell_00115,CC
Cell_00116,Cell_00116,L4
Cell_00117,Cell_00117,L4
Cell_00118,Cell_00118,L2/3
Cell_00120,Cell_00120,L6
Cell_00121,Cell_00121,L5
Cell_00122,Cell_00122,HPC
Cell_00123,Cell_00123,L2/3
Cell_00124,Cell_00124,L5
Cell_00125,Cell_00125,L2/3
Cell_00126,Cell_00126,L4
Cell_00128,Cell_00128,L4
Cell_00130,Cell_00130,L2/3
Cell_00131,Cell_00131,CC
Cell_00133,Cell_00133,CC
Cell_00134,Cell_00134,HPC
Cell_00137,Cell_00137,L6
Cell_00138,Cell_00138,L6
Cell_00139,Cell_00139,L4
Cell_00141,Cell_00141,L4
Cell_00142,Cell_00142,CC
Cell_00143,Cell_00143,L4
Cell_00144,Cell_00144,L4
Cell_00145,Cell_00145,L2/3
Cell_00146,Cell_00146,CC
Cell_00147,Cell_00147,L5
Cell_00148,Cell_00148,L2/3
Cell_00149,Cell_00149,L6
Cell_00150,Cell_00150,L1
Cell_00151,Cell_00151,L6
Cell_00152,Cell_00152,L2/3
Cell_00153,Cell_00153,L2/3
Cell_00154,Cell_00154,L6
Cell_00155,Cell_00155,L2/3
Cell_00156,Cell_00156,L5
Cell_00158,Cell_00158,CC
Cell_00159,Cell_00159,L6
Cell_00161,Cell_00161,L5
Cell_00162,Cell_00162,L5
Cell_00163,Cell_00163,CC
Cell_00164,Cell_00164,L6
Cell_00165,Cell_00165,L2/3
Cell_00166,Cell_00166,L6
Cell_00167,Cell_00167,L6
Cell_00168,Cell_00168,L6
Cell_00170,Cell_00170,L4
Cell_00171,Cell_00171,L2/3
Cell_00172,Cell_00172,L5
Cell_00173,Cell_00173,L1
Cell_00175,Cell_00175,L1
Cell_00176,Cell_00176,L5
Cell_00177,Cell_00177,L1
Cell_00178,Cell_00178,L5
Cell_00179,Cell_00179,L6
Cell_00180,Cell_00180,HPC
Cell_00181,Cell_00181,L5
Cell_00182,Cell_00182,L2/3
Cell_00183,Cell_00183,L2/3
Cell_00184,Cell_00184,L4
Cell_00185,Cell_00185,L2/3
Cell_00186,Cell_00186,L2/3
Cell_00187,Cell_00187,L6
Cell_00189,Cell_00189,L2/3
Cell_00190,Cell_00190,L2/3
Cell_00191,Cell_00191,L6
Cell_00192,Cell_00192,L4
Cell_00193,Cell_00193,HPC
Cell_00194,Cell_00194,L4
Cell_00195,Cell_00195,CC
Cell_00196,Cell_00196,CC
Cell_00197,Cell_00197,L6
Cell_00198,Cell_00198,L6
Cell_00199,Cell_00199,L5
Cell_00200,Cell_00200,L2/3
Cell_00202,Cell_00202,CC
Cell_00203,Cell_00203,L6
Cell_00204,Cell_00204,L4
Cell_00205,Cell_00205,L4
Cell_00206,Cell_00206,L1
Cell_00207,Cell_00207,L2/3
Cell_00208,Cell_00208,L1
Cell_00209,Cell_00209,L1
Cell_00210,Cell_00210,L6
Cell_00211,Cell_00211,L2/3
Cell_00213,Cell_00213,L1
Cell_00214,Cell_00214,L5
Cell_00215,Cell_00215,L2/3
Cell_00216,Cell_00216,L2/3
Cell_00217,Cell_00217,L6
Cell_00218,Cell_00218,L2/3
Cell_00219,Cell_00219,L4
Cell_00220,Cell_00220,L6
Cell_00221,Cell_00221,L1
Cell_00222,Cell_00222,L2/3
Cell_00223,Cell_00223,L6
Cell_00224,Cell_00224,L1
Cell_00225,Cell_00225,L5
Cell_00226,Cell_00226,L6
Cell_00227,Cell_00227,L2/3
Cell_00228,Cell_00228,HPC
Cell_00229,Cell_00229,L6
Cell_00232,Cell_00232,L6
Cell_00233,Cell_00233,L4
Cell_00234,Cell_00234,L5
Cell_00235,Cell_00235,HPC
Cell_00236,Cell_00236,L1
Cell_00237,Cell_00237,L1
Cell_00238,Cell_00238,L2/3
Cell_00240,Cell_00240,L4
Cell_00241,Cell_00241,L2/3
Cell_00242,Cell_00242,L2/3
Cell_00243,Cell_00243,L2/3
Cell_00247,Cell_00247,L1
Cell_00249,Cell_00249,L2/3
Cell_00251,Cell_00251,L4
Cell_00252,Cell_00252,L2/3
Cell_00253,Cell_00253,CC
Cell_00254,Cell_00254,L5
Cell_00255,Cell_00255,L1
Cell_00256,Cell_00256,L4
Cell_00257,Cell_00257,L2/3
Cell_00258,Cell_00258,L4
Cell_00259,Cell_00259,L5
Cell_00260,Cell_00260,L2/3
Cell_00261,Cell_00261,HPC
Cell_00262,Cell_00262,L6
Cell_00263,Cell_00263,L2/3
Cell_00264,Cell_00264,CC
Cell_00265,Cell_00265,L5
Cell_00266,Cell_00266,CC
Cell_00267,Cell_00267,L5
Cell_00268,Cell_00268,L6
Cell_00269,Cell_00269,L6
Cell_00270,Cell_00270,L6
Cell_00271,Cell_00271,L1
Cell_00273,Cell_00273,L5
Cell_00274,Cell_00274,L1
Cell_00275,Cell_00275,L4
Cell_00276,Cell_00276,L6
Cell_00277,Cell_00277,L6
Cell_00278,Cell_00278,L4
Cell_00279,Cell_00279,L6
Cell_00280,Cell_00280,L6
Cell_00282,Cell_00282,L6
Cell_00283,Cell_00283,L4
Cell_00284,Cell_00284,L4
Cell_00285,Cell_00285,L5
Cell_00287,Cell_00287,L2/3
Cell_00288,Cell_00288,CC
Cell_00289,Cell_00289,L2/3
Cell_00290,Cell_00290,L2/3
Cell_00291,Cell_00291,L5
Cell_00292,Cell_00292,L1
Cell_00294,Cell_00294,L6
Cell_00295,Cell_00295,CC
Cell_00296,Cell_00296,L4
Cell_00298,Cell_00298,CC
Cell_00299,Cell_00299,L2/3
Cell_00300,Cell_00300,L4
Cell_00301,Cell_00301,CC
Cell_00302,Cell_00302,L2/3
Cell_00305,Cell_00305,L6
Cell_00306,Cell_00306,L1
Cell_00307,Cell_00307,L4
Cell_00308,Cell_00308,L4
Cell_00309,Cell_00309,L2/3
Cell_00310,Cell_00310,L6
Cell_00311,Cell_00311,L1
Cell_00312,Cell_00312,L4
Cell_00314,Cell_00314,L6
Cell_00315,Cell_00315,HPC
Cell_00316,Cell_00316,L1
Cell_00317,Cell_00317,HPC
Cell_00318,Cell_00318,L1
Cell_00319,Cell_00319,CC
Cell_00320,Cell_00320,L6
Cell_00322,Cell_00322,L1
Cell_00323,Cell_00323,CC
Cell_00324,Cell_00324,L2/3
Cell_00325,Cell_00325,L4
Cell_00327,Cell_00327,L6
Cell_00328,Cell_00328,L6
Cell_00329,Cell_00329,L2/3
Cell_00330,Cell_00330,L2/3
Cell_00331,Cell_00331,L1
Cell_00332,Cell_00332,CC
Cell_00333,Cell_00333,L5
Cell_00335,Cell_00335,L6
Cell_00337,Cell_00337,L6
Cell_00338,Cell_00338,L4
Cell_00339,Cell_00339,HPC
Cell_00340,Cell_00340,L2/3
Cell_00341,Cell_00341,L1
Cell_00342,Cell_00342,L6
Cell_00344,Cell_00344,CC
Cell_00346,Cell_00346,L6
Cell_00347,Cell_00347,L1
Cell_00348,Cell_00348,L1
Cell_00349,Cell_00349,L4
Cell_00350,Cell_00350,L2/3
Cell_00351,Cell_00351,CC
Cell_00352,Cell_00352,L5
Cell_00353,Cell_00353,L4
Cell_00355,Cell_00355,L6
Cell_00356,Cell_00356,L4
Cell_00357,Cell_00357,L2/3
Cell_00358,Cell_00358,L4
Cell_00360,Cell_00360,L6
Cell_00361,Cell_00361,L5
Cell_00362,Cell_00362,L6
Cell_00364,Cell_00364,L5
Cell_00365,Cell_00365,L1
Cell_00366,Cell_00366,L5
Cell_00367,Cell_00367,L1
Cell_00368,Cell_00368,L5
Cell_00369,Cell_00369,L2/3
Cell_00370,Cell_00370,CC
Cell_00371,Cell_00371,L6
Cell_00372,Cell_00372,L4
Cell_00373,Cell_00373,L4
Cell_00374,Cell_00374,L2/3
Cell_00376,Cell_00376,L4
Cell_00377,Cell_00377,HPC
Cell_00378,Cell_00378,L6
Cell_00379,Cell_00379,L4
Cell_00380,Cell_00380,L5
Cell_00381,Cell_00381,L5
Cell_00382,Cell_00382,L2/3
Cell_00383,Cell_00383,CC
Cell_00384,Cell_00384,L6
Cell_00385,Cell_00385,CC
Cell_00386,Cell_00386,L4
Cell_00387,Cell_00387,L1
Cell_00388,Cell_00388,L4
Cell_00389,Cell_00389,L4
Cell_00390,Cell_00390,L2/3
Cell_00391,Cell_00391,L1
Cell_00392,Cell_00392,L4
Cell_00394,Cell_00394,L2/3
Cell_00395,Cell_00395,L2/3
Cell_00396,Cell_00396,L5
Cell_00397,Cell_00397,HPC
Cell_00398,Cell_00398,L5
Cell_00399,Cell_00399,L2/3
Cell_00400,Cell_00400,L6
Cell_00402,Cell_00402,CC
Cell_00403,Cell_00403,L4
Cell_00404,Cell_00404,CC
Cell_00405,Cell_00405,L6
Cell_00406,Cell_00406,CC
Cell_00407,Cell_00407,L1
Cell_00408,Cell_00408,L2/3
Cell_00409,Cell_00409,L6
Cell_00410,Cell_00410,L6
Cell_00411,Cell_00411,HPC
Cell_00412,Cell_00412,L4
Cell_00413,Cell_00413,L6
Cell_00414,Cell_00414,L5
Cell_00416,Cell_00416,L2/3
Cell_00417,Cell_00417,L6
Cell_00418,Cell_00418,L2/3
Cell_00419,Cell_00419,HPC
Cell_00420,Cell_00420,L6
Cell_00421,Cell_00421,L2/3
Cell_00422,Cell_00422,L5
Cell_00423,Cell_00423,L6
Cell_00424,Cell_00424,L5
Cell_00425,Cell_00425,L5
Cell_00427,Cell_00427,L2/3
Cell_00428,Cell_00428,L2/3
Cell_00429,Cell_00429,L1
Cell_00430,Cell_00430,CC
Cell_00432,Cell_00432,L2/3
Cell_00433,Cell_00433,L6
Cell_00434,Cell_00434,L6
Cell_00435,Cell_00435,L4
Cell_00436,Cell_00436,L5
Cell_00437,Cell_00437,L4
Cell_00438,Cell_00438,L2/3
Cell_00439,Cell_00439,CC
Cell_00440,Cell_00440,L1
Cell_00441,Cell_00441,L6
Cell_00442,Cell_00442,L5
Cell_00443,Cell_00443,L2/3
Cell_00445,Cell_00445,L4
Cell_00446,Cell_00446,L4
Cell_00447,Cell_00447,L5
Cell_00448,Cell_00448,L6
Cell_00449,Cell_00449,L4
Cell_00450,Cell_00450,CC
Cell_00451,Cell_00451,L6
Cell_00452,Cell_00452,L4
Cell_00453,Cell_00453,L2/3
Cell_00454,Cell_00454,CC
Cell_00455,Cell_00455,L5
Cell_00456,Cell_00456,L2/3
Cell_00457,Cell_00457,L1
Cell_00458,Cell_00458,L1
Cell_00459,Cell_00459,L4
Cell_00460,Cell_00460,CC
Cell_00461,Cell_00461,L2/3
Cell_00462,Cell_00462,L2/3
Cell_00463,Cell_00463,CC
Cell_00464,Cell_00464,L2/3
Cell_00465,Cell_00465,CC
Cell_00466,Cell_00466,L1
Cell_00467,Cell_00467,CC
Cell_00469,Cell_00469,L2/3
Cell_00470,Cell_00470,CC
Cell_00471,Cell_00471,L6
Cell_00472,Cell_00472,L1
Cell_00473,Cell_00473,CC
Cell_00475,Cell_00475,L6
Cell_00476,Cell_00476,L5
Cell_00477,Cell_00477,L2/3
Cell_00479,Cell_00479,L4
Cell_00480,Cell_00480,L2/3
Cell_00481,Cell_00481,L6
Cell_00482,Cell_00482,HPC
Cell_00483,Cell_00483,L2/3
Cell_00484,Cell_00484,L6
Cell_00485,Cell_00485,L5
Cell_00486,Cell_00486,L4
Cell_00487,Cell_00487,L2/3
Cell_00488,Cell_00488,L1
Cell_00492,Cell_00492,L2/3
Cell_00493,Cell_00493,L2/3
Cell_00494,Cell_00494,CC
Cell_00495,Cell_00495,L4
Cell_00496,Cell_00496,L2/3
Cell_00497,Cell_00497,L5
Cell_00499,Cell_00499,L6
Cell_00500,Cell_00500,CC
Cell_00502,Cell_00502,L1
Cell_00503,Cell_00503,L6
Cell_00504,Cell_00504,L2/3
Cell_00505,Cell_00505,L5
Cell_00506,Cell_00506,L4
Cell_00507,Cell_00507,CC
Cell_00508,Cell_00508,L4
Cell_00509,Cell_00509,L6
Cell_00510,Cell_00510,L2/3
Cell_00511,Cell_00511,L6
Cell_00513,Cell_00513,L5
Cell_00514,Cell_00514,L1
Cell_00515,Cell_00515,L2/3
Cell_00516,Cell_00516,L5
Cell_00517,Cell_00517,CC
Cell_00518,Cell_00518,L2/3
Cell_00519,Cell_00519,L5
Cell_00520,Cell_00520,L4
Cell_00521,Cell_00521,CC
Cell_00522,Cell_00522,L1
Cell_00523,Cell_00523,L6
Cell_00524,Cell_00524,L6
Cell_00526,Cell_00526,L4
Cell_00527,Cell_00527,CC
Cell_00528,Cell_00528,L4
Cell_00529,Cell_00529,L4
Cell_00530,Cell_00530,L2/3
Cell_00531,Cell_00531,L2/3
Cell_00533,Cell_00533,L6
Cell_00534,Cell_00534,CC
Cell_00535,Cell_00535,L2/3
Cell_00536,Cell_00536,L1
Cell_00537,Cell_00537,CC
Cell_00538,Cell_00538,L5
Cell_00539,Cell_00539,L2/3
Cell_00540,Cell_00540,L6
Cell_00541,Cell_00541,L2/3
Cell_00543,Cell_00543,L2/3
Cell_00544,Cell_00544,HPC
Cell_00546,Cell_00546,L1
Cell_00547,Cell_00547,L6
Cell_00548,Cell_00548,L4
Cell_00549,Cell_00549,CC
Cell_00550,Cell_00550,L1
Cell_00551,Cell_00551,L4
Cell_00552,Cell_00552,L4
Cell_00553,Cell_00553,L2/3
Cell_00554,Cell_00554,L5
Cell_00555,Cell_00555,L4
Cell_00556,Cell_00556,L4
Cell_00557,Cell_00557,L4
Cell_00558,Cell_00558,L6
Cell_00559,Cell_00559,L4
Cell_00560,Cell_00560,L2/3
Cell_00561,Cell_00561,L2/3
Cell_00562,Cell_00562,L4
Cell_00563,Cell_00563,L2/3
Cell_00564,Cell_00564,L2/3
Cell_00565,Cell_00565,L5
Cell_00566,Cell_00566,L6
Cell_00567,Cell_00567,CC
Cell_00568,Cell_00568,L4
Cell_00569,Cell_00569,L6
Cell_00570,Cell_00570,L6
Cell_00572,Cell_00572,L4
Cell_00574,Cell_00574,L2/3
Cell_00575,Cell_00575,L2/3
Cell_00576,Cell_00576,L1
Cell_00577,Cell_00577,L6
Cell_00579,Cell_00579,L2/3
Cell_00580,Cell_00580,L6
Cell_00581,Cell_00581,L4
Cell_00583,Cell_00583,L2/3
Cell_00584,Cell_00584,L2/3
Cell_00587,Cell_00587,L4
Cell_00588,Cell_00588,L4
Cell_00590,Cell_00590,L5
Cell_00591,Cell_00591,L5
Cell_00592,Cell_00592,L5
Cell_00593,Cell_00593,L1
Cell_00594,Cell_00594,L4
Cell_00595,Cell_00595,L4
Cell_00596,Cell_00596,L6
Cell_00598,Cell_00598,L2/3
Cell_00599,Cell_00599,L1
Cell_00600,Cell_00600,L6
Cell_00601,Cell_00601,L5
Cell_00602,Cell_00602,L2/3
Cell_00603,Cell_00603,CC
Cell_00604,Cell_00604,L2/3
Cell_00605,Cell_00605,L1
Cell_00606,Cell_00606,L1
Cell_00608,Cell_00608,L1
Cell_00609,Cell_00609,L4
Cell_00610,Cell_00610,L4
Cell_00611,Cell_00611,L2/3
Cell_00612,Cell_00612,L2/3
Cell_00613,Cell_00613,L5
Cell_00614,Cell_00614,L6
Cell_00615,Cell_00615,L1
Cell_00616,Cell_00616,L4
Cell_00617,Cell_00617,L2/3
Cell_00618,Cell_00618,L6
Cell_00619,Cell_00619,L5
Cell_00620,Cell_00620,L6
Cell_00621,Cell_00621,L4
Cell_00622,Cell_00622,L2/3
Cell_00624,Cell_00624,L2/3
Cell_00625,Cell_00625,L1
Cell_00626,Cell_00626,L4
Cell_00627,Cell_00627,L4
Cell_00628,Cell_00628,L5
Cell_00629,Cell_00629,L5
Cell_00630,Cell_00630,CC
Cell_00631,Cell_00631,L2/3
Cell_00632,Cell_00632,L5
Cell_00633,Cell_00633,CC
Cell_00634,Cell_00634,L6
Cell_00636,Cell_00636,L5
Cell_00637,Cell_00637,L5
Cell_00638,Cell_00638,L2/3
Cell_00639,Cell_00639,L1
Cell_00641,Cell_00641,L2/3
Cell_00642,Cell_00642,L2/3
Cell_00643,Cell_00643,L4
Cell_00645,Cell_00645,L2/3
Cell_00646,Cell_00646,HPC
Cell_00647,Cell_00647,L4
Cell_00648,Cell_00648,L2/3
Cell_00650,Cell_00650,L6
Cell_00651,Cell_00651,CC
Cell_00652,Cell_00652,L4
Cell_00653,Cell_00653,L1
Cell_00654,Cell_00654,CC
Cell_00655,Cell_00655,HPC
Cell_00656,Cell_00656,HPC
Cell_00657,Cell_00657,HPC
Cell_00658,Cell_00658,CC
Cell_00660,Cell_00660,L2/3
Cell_00661,Cell_00661,L2/3
Cell_00662,Cell_00662,L6
Cell_00663,Cell_00663,L2/3
Cell_00664,Cell_00664,L5
Cell_00665,Cell_00665,L6
Cell_00666,Cell_00666,L2/3
Cell_00667,Cell_00667,L2/3
Cell_00669,Cell_00669,CC
Cell_00670,Cell_00670,L2/3
Cell_00671,Cell_00671,L1
Cell_00672,Cell_00672,CC
Cell_00673,Cell_00673,HPC
Cell_00674,Cell_00674,L1
Cell_00676,Cell_00676,L6
Cell_00677,Cell_00677,L4
Cell_00678,Cell_00678,L4
Cell_00679,Cell_00679,CC
Cell_00680,Cell_00680,L6
Cell_00681,Cell_00681,L4
Cell_00682,Cell_00682,L4
Cell_00683,Cell_00683,L2/3
Cell_00684,Cell_00684,L1
Cell_00685,Cell_00685,L4
Cell_00686,Cell_00686,CC
Cell_00687,Cell_00687,L4
Cell_00688,Cell_00688,HPC
Cell_00689,Cell_00689,CC
Cell_00690,Cell_00690,L5
Cell_00691,Cell_00691,L5
Cell_00692,Cell_00692,L6
Cell_00693,Cell_00693,L4
Cell_00694,Cell_00694,CC
Cell_00695,Cell_00695,L6
Cell_00696,Cell_00696,L1
Cell_00697,Cell_00697,L6
Cell_00698,Cell_00698,L1
Cell_00699,Cell_00699,CC
Cell_00700,Cell_00700,L5
Cell_00701,Cell_00701,L4
Cell_00702,Cell_00702,HPC
Cell_00704,Cell_00704,L4
Cell_00705,Cell_00705,L2/3
Cell_00708,Cell_00708,L2/3
Cell_00709,Cell_00709,L6
Cell_00710,Cell_00710,L4
Cell_00711,Cell_00711,L1
Cell_00713,Cell_00713,L6
Cell_00714,Cell_00714,CC
Cell_00715,Cell_00715,CC
Cell_00716,Cell_00716,L4
Cell_00719,Cell_00719,L6
Cell_00720,Cell_00720,CC
Cell_00722,Cell_00722,L4
Cell_00723,Cell_00723,L5
Cell_00725,Cell_00725,L6
Cell_00726,Cell_00726,L6
Cell_00728,Cell_00728,L6
Cell_00730,Cell_00730,CC
Cell_00732,Cell_00732,L4
Cell_00735,Cell_00735,L6
Cell_00737,Cell_00737,L1
Cell_00738,Cell_00738,CC
Cell_00739,Cell_00739,L4
Cell_00740,Cell_00740,L1
Cell_00741,Cell_00741,L6
Cell_00742,Cell_00742,L4
Cell_00743,Cell_00743,CC
Cell_00744,Cell_00744,L6
Cell_00745,Cell_00745,L4
Cell_00746,Cell_00746,L5
Cell_00747,Cell_00747,L5
Cell_00748,Cell_00748,CC
Cell_00749,Cell_00749,L4
Cell_00750,Cell_00750,L1
Cell_00751,Cell_00751,CC
Cell_00752,Cell_00752,L2/3
Cell_00753,Cell_00753,L5
Cell_00754,Cell_00754,L4
Cell_00755,Cell_00755,CC
Cell_00757,Cell_00757,L5
Cell_00758,Cell_00758,L6
Cell_00761,Cell_00761,L2/3
Cell_00762,Cell_00762,L4
Cell_00763,Cell_00763,CC
Cell_00764,Cell_00764,L4
Cell_00765,Cell_00765,L6
Cell_00767,Cell_00767,L4
Cell_00768,Cell_00768,L2/3
Cell_00769,Cell_00769,L5
Cell_00770,Cell_00770,L5
Cell_00771,Cell_00771,L4
Cell_00772,Cell_00772,L4
Cell_00774,Cell_00774,L4
Cell_00775,Cell_00775,L6
Cell_00776,Cell_00776,L5
Cell_00777,Cell_00777,L2/3
Cell_00778,Cell_00778,L2/3
Cell_00779,Cell_00779,L1
Cell_00780,Cell_00780,L5
Cell_00781,Cell_00781,L6
Cell_00782,Cell_00782,HPC
Cell_00784,Cell_00784,L5
Cell_00785,Cell_00785,CC
Cell_00786,Cell_00786,L6
Cell_00787,Cell_00787,L6
Cell_00788,Cell_00788,HPC
Cell_00789,Cell_00789,L4
Cell_00790,Cell_00790,L2/3
Cell_00791,Cell_00791,L1
Cell_00792,Cell_00792,L5
Cell_00793,Cell_00793,CC
Cell_00795,Cell_00795,L4
Cell_00797,Cell_00797,L1
Cell_00798,Cell_00798,L2/3
Cell_00799,Cell_00799,L5
Cell_00800,Cell_00800,L2/3
Cell_00801,Cell_00801,CC
Cell_00802,Cell_00802,L6
Cell_00803,Cell_00803,L5
Cell_00804,Cell_00804,L4
Cell_00805,Cell_00805,L6
Cell_00806,Cell_00806,L4
Cell_00807,Cell_00807,L4
Cell_00808,Cell_00808,L4
Cell_00809,Cell_00809,L4
Cell_00810,Cell_00810,L5
Cell_00811,Cell_00811,L4
Cell_00812,Cell_00812,L5
Cell_00813,Cell_00813,L2/3
Cell_00814,Cell_00814,HPC
Cell_00815,Cell_00815,L6
Cell_00816,Cell_00816,L6
Cell_00817,Cell_00817,L5
Cell_00818,Cell_00818,L4
Cell_00819,Cell_00819,CC
Cell_00820,Cell_00820,L5
Cell_00821,Cell_00821,L1
Cell_00822,Cell_00822,L2/3
Cell_00823,Cell_00823,CC
Cell_00824,Cell_00824,CC
Cell_00825,Cell_00825,HPC
Cell_00826,Cell_00826,CC
Cell_00827,Cell_00827,L4
Cell_00828,Cell_00828,L6
Cell_00829,Cell_00829,L4
Cell_00830,Cell_00830,L2/3
Cell_00832,Cell_00832,L5
Cell_00833,Cell_00833,L1
Cell_00835,Cell_00835,CC
Cell_00836,Cell_00836,L6
Cell_00837,Cell_00837,L6
Cell_00838,Cell_00838,L2/3
Cell_00840,Cell_00840,L2/3
Cell_00841,Cell_00841,L1
Cell_00842,Cell_00842,CC
Cell_00843,Cell_00843,L6
Cell_00844,Cell_00844,L5
Cell_00845,Cell_00845,L4
Cell_00846,Cell_00846,HPC
Cell_00847,Cell_00847,L2/3
Cell_00848,Cell_00848,L5
Cell_00850,Cell_00850,L5
Cell_00851,Cell_00851,L1
Cell_00852,Cell_00852,L6
Cell_00853,Cell_00853,L5
Cell_00854,Cell_00854,L4
Cell_00855,Cell_00855,L6
Cell_00856,Cell_00856,L4
Cell_00857,Cell_00857,L1
Cell_00858,Cell_00858,HPC
Cell_00859,Cell_00859,L2/3
Cell_00860,Cell_00860,L4
Cell_00861,Cell_00861,L4
Cell_00863,Cell_00863,L6
Cell_00864,Cell_00864,HPC
Cell_00865,Cell_00865,L6
Cell_00866,Cell_00866,L4
Cell_00867,Cell_00867,L6
Cell_00868,Cell_00868,L1
Cell_00869,Cell_00869,L2/3
Cell_00870,Cell_00870,L2/3
Cell_00871,Cell_00871,HPC
Cell_00872,Cell_00872,L5
Cell_00873,Cell_00873,L2/3
Cell_00874,Cell_00874,CC
Cell_00875,Cell_00875,L4
Cell_00876,Cell_00876,L2/3
Cell_00877,Cell_00877,HPC
Cell_00878,Cell_00878,L6
Cell_00879,Cell_00879,L5
Cell_00880,Cell_00880,L4
Cell_00881,Cell_00881,L5
Cell_00882,Cell_00882,L4
Cell_00883,Cell_00883,L2/3
Cell_00884,Cell_00884,CC
Cell_00886,Cell_00886,L2/3
Cell_00887,Cell_00887,L4
Cell_00888,Cell_00888,HPC
Cell_00889,Cell_00889,L4
Cell_00890,Cell_00890,L5
Cell_00891,Cell_00891,L4
Cell_00892,Cell_00892,L2/3
Cell_00893,Cell_00893,CC
Cell_00894,Cell_00894,L4
Cell_00895,Cell_00895,L4
Cell_00897,Cell_00897,L6
Cell_00898,Cell_00898,L5
Cell_00899,Cell_00899,L1
Cell_00900,Cell_00900,CC
Cell_00901,Cell_00901,CC
Cell_00902,Cell_00902,CC
Cell_00903,Cell_00903,L5
Cell_00904,Cell_00904,L6
Cell_00905,Cell_00905,L6
Cell_00906,Cell_00906,L6
Cell_00907,Cell_00907,L5
Cell_00908,Cell_00908,L2/3
Cell_00909,Cell_00909,L2/3
Cell_00910,Cell_00910,L4
Cell_00911,Cell_00911,L4
Cell_00912,Cell_00912,L2/3
Cell_00913,Cell_00913,CC
Cell_00914,Cell_00914,L5
Cell_00915,Cell_00915,L6
Cell_00916,Cell_00916,L2/3
Cell_00917,Cell_00917,L4
Cell_00918,Cell_00918,L2/3
Cell_00921,Cell_00921,L2/3
Cell_00922,Cell_00922,L5
Cell_00923,Cell_00923,L2/3
Cell_00924,Cell_00924,L4
Cell_00925,Cell_00925,L4
Cell_00926,Cell_00926,L1
Cell_00927,Cell_00927,L5
Cell_00928,Cell_00928,L4
Cell_00930,Cell_00930,L5
Cell_00931,Cell_00931,CC
Cell_00932,Cell_00932,L2/3
Cell_00933,Cell_00933,L4
Cell_00934,Cell_00934,CC
Cell_00935,Cell_00935,L2/3
Cell_00936,Cell_00936,HPC
Cell_00937,Cell_00937,L2/3
Cell_00938,Cell_00938,L2/3
Cell_00939,Cell_00939,L2/3
Cell_00940,Cell_00940,L6
Cell_00941,Cell_00941,L5
Cell_00942,Cell_00942,L4
Cell_00943,Cell_00943,L6
Cell_00944,Cell_00944,L5
Cell_00945,Cell_00945,L4
Cell_00946,Cell_00946,L1
Cell_00947,Cell_00947,L2/3
Cell_00948,Cell_00948,L6
Cell_00949,Cell_00949,L1
Cell_00950,Cell_00950,L2/3
Cell_00951,Cell_00951,CC
Cell_00952,Cell_00952,L2/3
Cell_00953,Cell_00953,L6
Cell_00954,Cell_00954,L6
Cell_00955,Cell_00955,L5
Cell_00956,Cell_00956,L4
Cell_00957,Cell_00957,HPC
Cell_00958,Cell_00958,L4
Cell_00959,Cell_00959,L4
Cell_00960,Cell_00960,L4
Cell_00961,Cell_00961,L4
Cell_00962,Cell_00962,L6
Cell_00963,Cell_00963,L2/3
Cell_00965,Cell_00965,L2/3
Cell_00967,Cell_00967,CC
Cell_00968,Cell_00968,L5
Cell_00969,Cell_00969,L6
Cell_00970,Cell_00970,L5
Cell_00971,Cell_00971,L1
Cell_00972,Cell_00972,L5
Cell_00973,Cell_00973,L2/3
Cell_00974,Cell_00974,CC
Cell_00975,Cell_00975,L5
Cell_00976,Cell_00976,CC
Cell_00977,Cell_00977,L6
Cell_00978,Cell_00978,CC
Cell_00979,Cell_00979,CC
Cell_00980,Cell_00980,CC
Cell_00981,Cell_00981,L4
Cell_00982,Cell_00982,L1
Cell_00983,Cell_00983,HPC
Cell_00984,Cell_00984,L4
Cell_00985,Cell_00985,HPC
Cell_00986,Cell_00986,L4
Cell_00987,Cell_00987,L1
Cell_00988,Cell_00988,L6
Cell_00989,Cell_00989,L5
Cell_00990,Cell_00990,HPC
Cell_00991,Cell_00991,L6
Cell_00992,Cell_00992,L2/3
Cell_00993,Cell_00993,L6
Cell_00994,Cell_00994,L4
Cell_00995,Cell_00995,L5
Cell_00996,Cell_00996,L2/3
Cell_00998,Cell_00998,L6
Cell_00999,Cell_00999,L6
Cell_01000,Cell_01000,CC
Cell_01001,Cell_01001,L2/3
Cell_01002,Cell_01002,L2/3
Cell_01003,Cell_01003,L6
Cell_01004,Cell_01004,L4
Cell_01005,Cell_01005,L6
Cell_01006,Cell_01006,L4
Cell_01007,Cell_01007,HPC
Cell_01008,Cell_01008,L2/3
Cell_01009,Cell_01009,L4
Cell_01010,Cell_01010,L4
Cell_01011,Cell_01011,CC
Cell_01012,Cell_01012,L4
Cell_01013,Cell_01013,L2/3
Cell_01014,Cell_01014,L1
Cell_01015,Cell_01015,L2/3
Cell_01017,Cell_01017,L5
Cell_01018,Cell_01018,L1
Cell_01019,Cell_01019,L5
Cell_01020,Cell_01020,L2/3
Cell_01021,Cell_01021,CC
Cell_01022,Cell_01022,L2/3
Cell_01023,Cell_01023,L6
Cell_01024,Cell_01024,L2/3
Cell_01025,Cell_01025,L4
Cell_01026,Cell_01026,L5
Cell_01027,Cell_01027,L2/3
Cell_01028,Cell_01028,L5
Cell_01029,Cell_01029,L5
Cell_01030,Cell_01030,L5
Cell_01031,Cell_01031,L5
Cell_01032,Cell_01032,L4
Cell_01033,Cell_01033,L4
Cell_01034,Cell_01034,L2/3
Cell_01035,Cell_01035,L6
Cell_01036,Cell_01036,L2/3
Cell_01037,Cell_01037,L2/3
Cell_01038,Cell_01038,L2/3
Cell_01039,Cell_01039,HPC
Cell_01040,Cell_01040,CC
Cell_01041,Cell_01041,L4
Cell_01042,Cell_01042,L4
Cell_01043,Cell_01043,L2/3
Cell_01044,Cell_01044,HPC
Cell_01045,Cell_01045,L4
Cell_01046,Cell_01046,L6
Cell_01047,Cell_01047,L4
Cell_01048,Cell_01048,L4
Cell_01049,Cell_01049,L2/3
Cell_01050,Cell_01050,L6
Cell_01051,Cell_01051,L5
Cell_01052,Cell_01052,L4
Cell_01053,Cell_01053,L6
Cell_01054,Cell_01054,L1
Cell_01055,Cell_01055,L6
Cell_01056,Cell_01056,HPC
Cell_01057,Cell_01057,L2/3
Cell_01058,Cell_01058,L5
Cell_01059,Cell_01059,L6
Cell_01061,Cell_01061,HPC
Cell_01062,Cell_01062,CC
Cell_01063,Cell_01063,L1
Cell_01064,Cell_01064,L2/3
Cell_01065,Cell_01065,L2/3
Cell_01066,Cell_01066,HPC
Cell_01067,Cell_01067,L6
Cell_01068,Cell_01068,CC
Cell_01069,Cell_01069,L5
Cell_01070,Cell_01070,L2/3
Cell_01071,Cell_01071,CC
Cell_01072,Cell_01072,L6
Cell_01073,Cell_01073,L4
Cell_01074,Cell_01074,L6
Cell_01075,Cell_01075,L4
Cell_01076,Cell_01076,L6
Cell_01078,Cell_01078,L5
Cell_01079,Cell_01079,L4
Cell_01080,Cell_01080,L2/3
Cell_01083,Cell_01083,L6
Cell_01084,Cell_01084,L4
Cell_01086,Cell_01086,L2/3
Cell_01087,Cell_01087,CC
Cell_01089,Cell_01089,L6
Cell_01090,Cell_01090,L2/3
Cell_01091,Cell_01091,L5
Cell_01092,Cell_01092,L5
Cell_01093,Cell_01093,L6
Cell_01094,Cell_01094,L4
Cell_01095,Cell_01095,L6
Cell_01096,Cell_01096,CC
Cell_01097,Cell_01097,L6
Cell_01098,Cell_01098,L4
Cell_01099,Cell_01099,L4
Cell_01100,Cell_01100,L2/3
Cell_01101,Cell_01101,L2/3
Cell_01102,Cell_01102,CC
Cell_01103,Cell_01103,L6
Cell_01104,Cell_01104,L2/3
Cell_01105,Cell_01105,L5
Cell_01106,Cell_01106,L2/3
Cell_01107,Cell_01107,L6
Cell_01108,Cell_01108,L5
Cell_01109,Cell_01109,L2/3
Cell_01110,Cell_01110,L5
Cell_01112,Cell_01112,CC
Cell_01113,Cell_01113,L2/3
Cell_01114,Cell_01114,L4
Cell_01115,Cell_01115,L6
Cell_01116,Cell_01116,L2/3
Cell_01117,Cell_01117,L2/3
Cell_01118,Cell_01118,L6
Cell_01119,Cell_01119,L4
Cell_01120,Cell_01120,CC
Cell_01121,Cell_01121,L6
Cell_01122,Cell_01122,L4
Cell_01123,Cell_01123,HPC
Cell_01124,Cell_01124,L1
Cell_01125,Cell_01125,HPC
Cell_01127,Cell_01127,L2/3
Cell_01128,Cell_01128,L4
Cell_01129,Cell_01129,L4
Cell_01131,Cell_01131,HPC
Cell_01132,Cell_01132,L5
Cell_01133,Cell_01133,L6
Cell_01134,Cell_01134,L6
Cell_01135,Cell_01135,CC
Cell_01136,Cell_01136,L4
Cell_01137,Cell_01137,L6
Cell_01139,Cell_01139,L2/3
Cell_01141,Cell_01141,L4
Cell_01142,Cell_01142,L2/3
Cell_01144,Cell_01144,L4
Cell_01145,Cell_01145,L2/3
Cell_01146,Cell_01146,CC
Cell_01147,Cell_01147,L5
Cell_01148,Cell_01148,L2/3
Cell_01149,Cell_01149,L4
Cell_01151,Cell_01151,L6
Cell_01152,Cell_01152,L4
Cell_01153,Cell_01153,L5
Cell_01154,Cell_01154,HPC
Cell_01155,Cell_01155,L2/3
Cell_01156,Cell_01156,L2/3
Cell_01157,Cell_01157,CC
Cell_01158,Cell_01158,L6
Cell_01159,Cell_01159,L5
Cell_01161,Cell_01161,HPC
Cell_01162,Cell_01162,L4
Cell_01163,Cell_01163,L2/3
Cell_01164,Cell_01164,L5
Cell_01165,Cell_01165,L4
Cell_01167,Cell_01167,L4
Cell_01168,Cell_01168,CC
Cell_01169,Cell_01169,L4
Cell_01171,Cell_01171,L2/3
Cell_01173,Cell_01173,CC
Cell_01174,Cell_01174,L5
Cell_01176,Cell_01176,L4
Cell_01177,Cell_01177,CC
Cell_01178,Cell_01178,CC
Cell_01180,Cell_01180,L6
Cell_01181,Cell_01181,L4
Cell_01182,Cell_01182,L2/3
Cell_01183,Cell_01183,L6
Cell_01184,Cell_01184,HPC
Cell_01185,Cell_01185,L5
Cell_01186,Cell_01186,L2/3
Cell_01187,Cell_01187,L2/3
Cell_01188,Cell_01188,L6
Cell_01189,Cell_01189,L4
Cell_01190,Cell_01190,L2/3
Cell_01191,Cell_01191,L6
Cell_01192,Cell_01192,L2/3
Cell_01193,Cell_01193,L1
Cell_01194,Cell_01194,CC
Cell_01195,Cell_01195,L2/3
Cell_01197,Cell_01197,L6
Cell_01199,Cell_01199,L2/3
Cell_01200,Cell_01200,L6
Cell_01201,Cell_01201,L2/3
Cell_01202,Cell_01202,L2/3
Cell_01203,Cell_01203,CC
Cell_01204,Cell_01204,L2/3
Cell_01205,Cell_01205,L4
Cell_01206,Cell_01206,L4
Cell_01207,Cell_01207,L6
Cell_01209,Cell_01209,L4
Cell_01211,Cell_01211,HPC
Cell_01212,Cell_01212,L2/3
Cell_01213,Cell_01213,L4
Cell_01214,Cell_01214,L4
Cell_01215,Cell_01215,L1
Cell_01216,Cell_01216,L2/3
Cell_01217,Cell_01217,HPC
Cell_01218,Cell_01218,CC
Cell_01219,Cell_01219,L4
Cell_01220,Cell_01220,L6
Cell_01221,Cell_01221,L2/3
Cell_01222,Cell_01222,L2/3
Cell_01223,Cell_01223,L4
Cell_01224,Cell_01224,CC
Cell_01226,Cell_01226,L5
Cell_01227,Cell_01227,CC
Cell_01228,Cell_01228,L6
Cell_01229,Cell_01229,L4
Cell_01230,Cell_01230,L5
Cell_01231,Cell_01231,L2/3
Cell_01232,Cell_01232,L2/3
Cell_01233,Cell_01233,CC
Cell_01234,Cell_01234,L5
Cell_01235,Cell_01235,HPC
Cell_01236,Cell_01236,L6
Cell_01237,Cell_01237,L4
Cell_01238,Cell_01238,HPC
Cell_01239,Cell_01239,L6
Cell_01240,Cell_01240,L6
Cell_01241,Cell_01241,L1
Cell_01242,Cell_01242,L6
Cell_01243,Cell_01243,L5
Cell_01244,Cell_01244,L1
Cell_01245,Cell_01245,L2/3
Cell_01246,Cell_01246,L6
Cell_01247,Cell_01247,L6
Cell_01250,Cell_01250,L4
Cell_01251,Cell_01251,L1
Cell_01252,Cell_01252,L4
Cell_01253,Cell_01253,CC
Cell_01254,Cell_01254,L5
Cell_01255,Cell_01255,L2/3
Cell_01256,Cell_01256,CC
Cell_01257,Cell_01257,L1
Cell_01258,Cell_01258,L6
Cell_01259,Cell_01259,L6
Cell_01260,Cell_01260,L5
Cell_01261,Cell_01261,L2/3
Cell_01262,Cell_01262,HPC
Cell_01263,Cell_01263,L4
Cell_01264,Cell_01264,L2/3
Cell_01265,Cell_01265,CC
Cell_01266,Cell_01266,L2/3
Cell_01267,Cell_01267,L1
Cell_01268,Cell_01268,L2/3
Cell_01269,Cell_01269,L6
Cell_01270,Cell_01270,CC
Cell_01271,Cell_01271,L2/3
Cell_01272,Cell_01272,L2/3
Cell_01273,Cell_01273,L4
Cell_01274,Cell_01274,L4
Cell_01275,Cell_01275,L2/3
Cell_01276,Cell_01276,L2/3
Cell_01277,Cell_01277,CC
Cell_01278,Cell_01278,CC
Cell_01279,Cell_01279,L4
Cell_01280,Cell_01280,L1
Cell_01281,Cell_01281,HPC
Cell_01282,Cell_01282,L6
Cell_01283,Cell_01283,L4
Cell_01284,Cell_01284,L1
Cell_01285,Cell_01285,L1
Cell_01286,Cell_01286,L1
Cell_01287,Cell_01287,L6
Cell_01288,Cell_01288,L6
Cell_01289,Cell_01289,CC
Cell_01290,Cell_01290,L4
Cell_01291,Cell_01291,CC
Cell_01292,Cell_01292,L4
Cell_01293,Cell_01293,L6
Cell_01294,Cell_01294,L2/3
Cell_01296,Cell_01296,L6
Cell_01298,Cell_01298,L6
Cell_01299,Cell_01299,L4
Cell_01300,Cell_01300,L1
Cell_01301,Cell_01301,L1
Cell_01302,Cell_01302,CC
Cell_01303,Cell_01303,L5
Cell_01304,Cell_01304,L5
Cell_01305,Cell_01305,L2/3
Cell_01306,Cell_01306,CC
Cell_01307,Cell_01307,L5
Cell_01308,Cell_01308,CC
Cell_01309,Cell_01309,L5
Cell_01310,Cell_01310,L1
Cell_01311,Cell_01311,L6
Cell_01313,Cell_01313,L5
Cell_01315,Cell_01315,L1
Cell_01316,Cell_01316,CC
Cell_01317,Cell_01317,L6
Cell_01318,Cell_01318,CC
Cell_01319,Cell_01319,CC
Cell_01320,Cell_01320,L2/3
Cell_01321,Cell_01321,HPC
Cell_01322,Cell_01322,CC
Cell_01323,Cell_01323,L4
Cell_01324,Cell_01324,L5
Cell_01325,Cell_01325,L4
Cell_01326,Cell_01326,L2/3
Cell_01328,Cell_01328,L6
Cell_01329,Cell_01329,L6
Cell_01330,Cell_01330,L5
Cell_01331,Cell_01331,L2/3
Cell_01332,Cell_01332,CC
Cell_01333,Cell_01333,L4
Cell_01334,Cell_01334,L2/3
Cell_01335,Cell_01335,L5
Cell_01336,Cell_01336,L2/3
Cell_01337,Cell_01337,L2/3
Cell_01339,Cell_01339,L1
Cell_01341,Cell_01341,L4
Cell_01345,Cell_01345,L5
Cell_01346,Cell_01346,CC
Cell_01347,Cell_01347,L2/3
Cell_01348,Cell_01348,L2/3
Cell_01349,Cell_01349,L2/3
Cell_01350,Cell_01350,L2/3
Cell_01351,Cell_01351,HPC
Cell_01352,Cell_01352,L5
Cell_01353,Cell_01353,L4
Cell_01354,Cell_01354,L5
Cell_01355,Cell_01355,L6
Cell_01356,Cell_01356,L4
Cell_01357,Cell_01357,L2/3
Cell_01358,Cell_01358,L2/3
Cell_01359,Cell_01359,HPC
Cell_01360,Cell_01360,L6
Cell_01361,Cell_01361,L2/3
Cell_01362,Cell_01362,HPC
Cell_01363,Cell_01363,L6
Cell_01364,Cell_01364,L5
Cell_01365,Cell_01365,L1
Cell_01367,Cell_01367,L4
Cell_01368,Cell_01368,L1
Cell_01369,Cell_01369,CC
Cell_01370,Cell_01370,CC
Cell_01372,Cell_01372,CC
Cell_01374,Cell_01374,L4
Cell_01376,Cell_01376,CC
Cell_01377,Cell_01377,L5
Cell_01378,Cell_01378,L4
Cell_01379,Cell_01379,L6
Cell_01380,Cell_01380,L2/3
Cell_01381,Cell_01381,L6
Cell_01382,Cell_01382,L6
Cell_01384,Cell_01384,L2/3
Cell_01386,Cell_01386,L1
Cell_01388,Cell_01388,L4
